{"SVR_S3bands&ratios": [457.13094305992126, 457.22531175613403, 457.03740429878235, 457.3148627281189, 456.9193308353424, 456.473495721817, 456.6713035106659, 457.41225361824036, 456.2820975780487, 456.2425925731659], "GPR_ratios_S3": [481.91652965545654, 459.8778872489929, 459.2144856452942, 458.7284233570099, 459.5527036190033, 460.00596857070923, 458.6081929206848, 459.1298260688782, 459.28583002090454, 459.1813361644745], "RFR_S3ratio1": [15.139629364013672, 15.308834314346313, 15.058991193771362, 15.074820041656494, 15.093842506408691, 15.07814645767212, 15.07940673828125, 15.07773494720459, 15.073704481124878, 15.068472862243652], "GPR_S3ratio2": [446.2787518501282, 445.9443082809448, 445.5558371543884, 450.6288592815399, 445.4966175556183, 445.4886727333069, 445.4351227283478, 445.54019808769226, 445.50957202911377, 446.61441564559937], "RLR_ratios_S3": [0.8145475387573242, 0.7757139205932617, 0.7735781669616699, 0.7736046314239502, 0.7747881412506104, 0.7760014533996582, 0.77532958984375, 0.7772684097290039, 0.7750332355499268, 0.7766513824462891], "RFR_S3ratio2": [145.2694272994995, 144.90839862823486, 144.80710196495056, 144.7507746219635, 144.71489596366882, 144.80295610427856, 144.70636534690857, 144.68395519256592, 147.21728801727295, 150.3905291557312], "Polyfit_S3ratio1": [1.455583095550537, 1.4108965396881104, 1.4096789360046387, 1.410111904144287, 1.4146387577056885, 1.414370059967041, 1.5684914588928223, 1.384413480758667, 1.379199743270874, 1.3837206363677979], "SVR_S3ratio1": [297.5825414657593, 297.4419529438019, 297.20235872268677, 297.20611333847046, 297.1548011302948, 297.17736554145813, 297.2786762714386, 297.746999502182, 297.7523555755615, 297.5628123283386], "KRR_S3bands&ratios": [402.4204034805298, 402.6970601081848, 402.47925424575806, 402.4408950805664, 402.3879110813141, 402.0443766117096, 402.7527701854706, 401.9800136089325, 401.5596561431885, 402.15799593925476], "SVR_ratios_S3": [319.54733085632324, 320.13340067863464, 320.48002457618713, 320.40485548973083, 321.06692266464233, 320.06196784973145, 319.71228981018066, 320.08931493759155, 320.1901125907898, 319.9573321342468], "GPR_S3bands&ratios": [581.9186933040619, 582.9370005130768, 582.6090111732483, 608.1221597194672, 748.1209902763367, 589.7002527713776, 581.2991976737976, 644.423091173172, 581.140501499176, 581.2156095504761], "KRR_ratios_S3": [401.92510056495667, 400.14732336997986, 399.8871490955353, 400.3103926181793, 400.4354627132416, 400.2250430583954, 401.2644913196564, 400.4390866756439, 400.2545597553253, 400.33740639686584], "GPR_S3ratio1": [446.3828320503235, 446.1316478252411, 446.26007294654846, 446.2325165271759, 446.27589535713196, 446.3388521671295, 445.45660758018494, 446.2699508666992, 445.9713673591614, 446.06148171424866], "Polyfit_S3ratio2": [1.5813086032867432, 1.510918140411377, 1.3799173831939697, 1.3776192665100098, 1.378957986831665, 1.3774747848510742, 1.3751084804534912, 1.3941006660461426, 1.3757314682006836, 1.3785526752471924], "RLR_S3bands&ratios": [1.188211441040039, 1.0956063270568848, 1.097843885421753, 1.0957694053649902, 1.0977721214294434, 1.0966062545776367, 1.2868943214416504, 1.0926778316497803, 1.092524528503418, 1.0921337604522705], "RLR_S3bands": [1.0657131671905518, 1.0665240287780762, 1.236950397491455, 1.0571563243865967, 1.0554871559143066, 1.0490872859954834, 1.0501477718353271, 1.047414779663086, 1.0491259098052979, 1.0444059371948242], "GPR_S3bands": [569.4667391777039, 568.5702078342438, 569.5152921676636, 567.9190135002136, 567.9254372119904, 570.5717175006866, 569.8971779346466, 632.9351480007172, 664.7026784420013, 568.1444914340973], "RFR_ratios_S3": [14.056886434555054, 14.228344917297363, 14.033334016799927, 13.99726414680481, 13.998963832855225, 14.001098871231079, 14.008992433547974, 13.99808645248413, 14.001409769058228, 14.00688123703003], "RFR_S3bands&ratios": [7.880443096160889, 7.829574108123779, 7.659567356109619, 7.660322189331055, 7.670742750167847, 7.659428119659424, 7.66116738319397, 7.666822195053101, 7.668621778488159, 7.666140556335449], "RLR_S3ratio1": [0.6201236248016357, 0.6220650672912598, 0.6212747097015381, 0.6215429306030273, 0.6236305236816406, 0.62137770652771, 0.6215598583221436, 0.622875452041626, 0.8193564414978027, 0.615182638168335], "KRR_S3ratio2": [399.1779432296753, 454.32212829589844, 399.1876389980316, 400.64407110214233, 401.2812020778656, 400.5198030471802, 400.47526812553406, 400.665372133255, 400.57570004463196, 400.94924664497375], "KRR_S3ratio1": [470.3038387298584, 396.530969619751, 396.3565127849579, 458.1998682022095, 398.0200877189636, 397.12902545928955, 396.10775876045227, 396.5238256454468, 396.73621225357056, 396.57409501075745], "RLR_S3ratio2": [0.9687108993530273, 0.6241641044616699, 0.6261780261993408, 0.6290686130523682, 0.6292417049407959, 0.6296570301055908, 0.6290273666381836, 0.6289470195770264, 0.6270527839660645, 0.8069057464599609], "SVR_S3bands": [524.909726858139, 526.0204713344574, 525.0868337154388, 525.2582767009735, 525.6447672843933, 525.1107869148254, 525.6307673454285, 525.330470085144, 525.0779826641083, 525.0045480728149], "KRR_S3bands": [403.85045170783997, 403.10628366470337, 402.64673709869385, 403.1098282337189, 402.8801863193512, 423.49117136001587, 403.10008239746094, 403.7451813220978, 403.76541900634766, 403.99525022506714], "SVR_S3ratio2": [292.14818930625916, 291.84911489486694, 291.5919132232666, 291.6280882358551, 291.63300919532776, 291.6112117767334, 291.66508650779724, 291.6499602794647, 291.6271572113037, 291.64002895355225], "RFR_S3bands": [30.253911018371582, 30.310144901275635, 30.137598037719727, 30.428308248519897, 30.360806941986084, 30.149279832839966, 30.156134128570557, 30.145456075668335, 30.18277335166931, 30.196605443954468]}